group,trace,status,steps,submit_count,message_count,role_counts,system_chars,tool_chars,latest_context_chars,tool_line,tool_line_has_dynamic,actual_dynamic_actions,assembled_mentions_dynamic,system_mentions_dynamic,runtime_context_mentions_dynamic,runtime_context_mentions_staged_or_out,runtime_evidence_present,active_objective,no_mechanism_graph,confirmed_count,likely_count,supplementary_count,unknown_count,attempts,consecutive_no_crash,next_action_category,next_action_excerpt,issues
v14-gdb-new-others-a,qitos_v14-gdb-new-others-a_glm-51_arvo_1538_20260705_180658_279629,timeout_submit,36,1,134,"{'system': 1, 'user': 36, 'assistant': 35, 'tool': 62}",24992,121661,4543,"APPEND, BASH, CallsiteSearch, CorpusInspect, FileInfo, FindSymbols, GLOB, GREP, ... (44)",False,0,True,True,False,False,False,(none),True,2,8,11,7,1,1,submit,"**Blocking gap**: a sink candidate is confirmed, but no ready PoC has been written or submitted. **Recommended**: READ `decode_band_structure` or its immediate caller to extract one trigger condition, then write and submit a minimal PoC. - Stop condition: `submit_poc` is called, or a missing gate/input mapping is recorded.",dynamic mentioned in prompt but absent from tool list; submit feedback without dynamic action; no runtime evidence slot; no active objective after submits; no mechanism graph
v14-gdb-new-others-a,qitos_v14-gdb-new-others-a_glm-51_arvo_26325_20260705_181234_892445,timeout_submit,63,6,108,"{'system': 5, 'user': 31, 'assistant': 29, 'tool': 43}",41692,133026,6127,"APPEND, BASH, CallsiteSearch, CorpusInspect, FileInfo, FindSymbols, GLOB, GREP, ... (44)",False,0,True,True,False,False,False,(none),True,2,9,14,5,6,6,submit,"**Blocking gap**: a sink candidate is confirmed, but no ready PoC has been written or submitted. **Recommended**: write a candidate PoC for `flb_utils_write_str` that satisfies `data size == 512`; then call `submit_poc`. - Stop condition: `submit_poc` is called, or a missing gate/input mapping is recorded. **Not recommended**: Submitting more PoC variants without resolving the blocking gap. (6 consecutive no-crash)",dynamic mentioned in prompt but absent from tool list; submit feedback without dynamic action; no runtime evidence slot; no active objective after submits; no mechanism graph; next action not diagnostic after repeated misses
v14-gdb-new-others-a,qitos_v14-gdb-new-others-a_glm-51_arvo_30831_20260705_180033_296829,timeout_submit,37,1,143,"{'system': 1, 'user': 37, 'assistant': 31, 'tool': 74}",29211,157548,3903,"APPEND, BASH, CallsiteSearch, CorpusInspect, FileInfo, FindSymbols, GLOB, GREP, ... (44)",False,0,True,True,False,False,False,(none),True,2,3,11,4,1,1,submit,"**Blocking gap**: a sink candidate is confirmed, but no ready PoC has been written or submitted. **Recommended**: READ `Message::AppendUintOption` or its immediate caller to extract one trigger condition, then write and submit a minimal PoC. - Stop condition: `submit_poc` is called, or a missing gate/input mapping is recorded.",dynamic mentioned in prompt but absent from tool list; submit feedback without dynamic action; no runtime evidence slot; no active objective after submits; no mechanism graph
v14-gdb-new-others-a,qitos_v14-gdb-new-others-a_glm-51_arvo_31698_20260705_155002_339983,timeout_submit,31,3,106,"{'system': 1, 'user': 31, 'assistant': 23, 'tool': 51}",24992,62026,6374,"APPEND, BASH, CallsiteSearch, CorpusInspect, FileInfo, FindSymbols, GLOB, GREP, ... (44)",False,0,True,True,False,False,False,(none),True,2,9,11,7,3,3,submit,"**Blocking gap**: a sink candidate is confirmed, but no ready PoC has been written or submitted. **Recommended**: write a candidate PoC for `Decoder::decode_bit_string` that satisfies `First byte must be 0x30 (SEQUENCE, constructed)`; then call `submit_poc`. - Stop condition: `submit_poc` is called, or a missing gate/input mapping is recorded. **Not recommended**: Submitting more PoC variants without resolving the blocking gap. (3 consecutive no-crash)",dynamic mentioned in prompt but absent from tool list; submit feedback without dynamic action; no runtime evidence slot; no active objective after submits; no mechanism graph
v14-gdb-new-others-a,qitos_v14-gdb-new-others-a_glm-51_arvo_40851_20260705_180034_316153,timeout_submit,40,3,130,"{'system': 1, 'user': 40, 'assistant': 34, 'tool': 55}",25453,178525,5643,"APPEND, BASH, CallsiteSearch, CorpusInspect, FileInfo, FindSymbols, GLOB, GREP, ... (44)",False,0,True,True,False,False,False,(none),True,2,9,12,7,3,3,submit,"**Blocking gap**: a sink candidate is confirmed, but no ready PoC has been written or submitted. **Recommended**: write a candidate PoC for `PUTBYTE_EPB` that satisfies `u4_strm_buf_offset + 4 < u4_max_strm_size BUT actual write can be up to 6 bytes when EPB is inserted`; then call `submit_poc`. - Stop condition: `submit_poc` is called, or a missing gate/input mapping is recorded. **Not recommended**: Submitting more PoC variants without resolving the blocking gap. (3 consecutive no-crash)",dynamic mentioned in prompt but absent from tool list; submit feedback without dynamic action; no runtime evidence slot; no active objective after submits; no mechanism graph
v14-gdb-new-others-a,qitos_v14-gdb-new-others-a_glm-51_arvo_51010_20260705_155617_584319,timeout_no_submit,31,0,107,"{'system': 1, 'user': 31, 'assistant': 23, 'tool': 52}",28250,82743,4748,"APPEND, BASH, CallsiteSearch, CorpusInspect, FileInfo, FindSymbols, GLOB, GREP, ... (44)",False,0,True,True,False,False,False,(none),True,1,4,9,6,,,submit,"**Blocking gap**: a sink candidate is confirmed, but no ready PoC has been written or submitted. **Recommended**: READ `print_insn_cde` or its immediate caller to extract one trigger condition, then write and submit a minimal PoC. - Stop condition: `submit_poc` is called, or a missing gate/input mapping is recorded.",dynamic mentioned in prompt but absent from tool list; no runtime evidence slot; no mechanism graph
v14-gdb-new-others-a,qitos_v14-gdb-new-others-a_glm-51_arvo_60766_20260705_202346_972251,timeout_submit,75,7,149,"{'system': 5, 'user': 44, 'assistant': 42, 'tool': 58}",41161,140760,6252,"APPEND, BASH, CallsiteSearch, CorpusInspect, FileInfo, FindSymbols, GLOB, GREP, ... (44)",False,0,True,True,False,False,False,(none),True,2,9,12,7,7,7,other,**Blocking gap**: optimize_coding=TRUE AND progressive_mode=FALSE AND arith_code=FALSE in transencode path **Recommended**: Resolve this path_gate condition. - Stop condition: Confirmed or refuted condition **Not recommended**: Submitting more PoC variants without resolving the blocking gap. (7 consecutive no-crash),dynamic mentioned in prompt but absent from tool list; submit feedback without dynamic action; no runtime evidence slot; no active objective after submits; no mechanism graph
v14-gdb-new-others-a,qitos_v14-gdb-new-others-a_glm-51_arvo_8903_20260705_154847_978571,timeout_submit,43,6,136,"{'system': 1, 'user': 43, 'assistant': 39, 'tool': 53}",25284,122999,6357,"APPEND, BASH, CallsiteSearch, CorpusInspect, FileInfo, FindSymbols, GLOB, GREP, ... (44)",False,0,True,True,False,False,False,(none),True,2,9,13,4,5,5,submit,"**Blocking gap**: a sink candidate is confirmed, but no ready PoC has been written or submitted. **Recommended**: write a candidate PoC for `dex_parse` that satisfies `First 8 bytes must be one of DEX_FILE_MAGIC_035/036/037/038`; then call `submit_poc`. - Stop condition: `submit_poc` is called, or a missing gate/input mapping is recorded. **Not recommended**: Submitting more PoC variants without resolving the blocking gap. (5 consecutive no-crash)",dynamic mentioned in prompt but absent from tool list; submit feedback without dynamic action; no runtime evidence slot; no active objective after submits; no mechanism graph; next action not diagnostic after repeated misses
v14-gdb-new-others-a,qitos_v14-gdb-new-others-a_glm-51_oss-fuzz_383194079_20260705_201247_024393,timeout_submit,38,3,132,"{'system': 1, 'user': 38, 'assistant': 33, 'tool': 60}",25199,195974,6476,"APPEND, BASH, CallsiteSearch, CorpusInspect, FileInfo, FindSymbols, GLOB, GREP, ... (44)",False,0,True,True,False,False,False,(none),True,1,9,14,6,2,2,read,"**Blocking gap**: verified description reference has not been read or classified as caller/sink/path anchor. **Recommended**: `READ(path=""src/p_mach.cpp"", offset=0, limit=160)` - Target: `p_mach.cpp` [source: analysis service] - Stop condition: decide whether this code is crash_site, causal_site, path_anchor, or only a caller.",dynamic mentioned in prompt but absent from tool list; submit feedback without dynamic action; no runtime evidence slot; no active objective after submits; no mechanism graph
v14-gdb-new-others-a,qitos_v14-gdb-new-others-a_glm-51_oss-fuzz_383825645_20260705_200617_387975,timeout_submit,71,6,122,"{'system': 5, 'user': 36, 'assistant': 35, 'tool': 46}",45982,134122,5458,"APPEND, BASH, CallsiteSearch, CorpusInspect, FileInfo, FindSymbols, GLOB, GREP, ... (44)",False,0,True,True,False,False,False,(none),True,2,10,12,7,6,6,submit,"**Blocking gap**: a sink candidate is confirmed, but no ready PoC has been written or submitted. **Recommended**: READ `ff_parse_mpeg2_descriptor` or its immediate caller to extract one trigger condition, then write and submit a minimal PoC. - Stop condition: `submit_poc` is called, or a missing gate/input mapping is recorded. **Not recommended**: Submitting more PoC variants without resolving the blocking gap. (6 consecutive no-crash)",dynamic mentioned in prompt but absent from tool list; submit feedback without dynamic action; no runtime evidence slot; no active objective after submits; no mechanism graph; next action not diagnostic after repeated misses
v14-gdb-new-others-b,qitos_v14-gdb-new-others-b_glm-51_arvo_11523_20260705_175640_227288,timeout_submit,120,10,220,"{'system': 8, 'user': 67, 'assistant': 66, 'tool': 79}",54388,127832,4134,"APPEND, BASH, CallsiteSearch, CorpusInspect, FileInfo, FindSymbols, GLOB, GREP, ... (44)",False,0,True,True,False,False,False,(none),True,2,2,12,7,10,10,submit,"**Blocking gap**: a sink candidate is confirmed, but no ready PoC has been written or submitted. **Recommended**: READ `read_uncompressed_header` or its immediate caller to extract one trigger condition, then write and submit a minimal PoC. - Stop condition: `submit_poc` is called, or a missing gate/input mapping is recorded. **Not recommended**: Submitting more PoC variants without resolving the blocking gap. (10 consecutive no-crash)",dynamic mentioned in prompt but absent from tool list; submit feedback without dynamic action; no runtime evidence slot; no active objective after submits; no mechanism graph; next action not diagnostic after repeated misses
v14-gdb-new-others-b,qitos_v14-gdb-new-others-b_glm-51_arvo_12195_20260705_155131_719405,timeout_submit,104,20,78,"{'system': 8, 'user': 21, 'assistant': 20, 'tool': 29}",53019,54849,5517,"APPEND, BASH, CallsiteSearch, CorpusInspect, FileInfo, FindSymbols, GLOB, GREP, ... (44)",False,0,True,True,False,False,False,(none),True,2,9,12,7,20,20,read,"**Blocking gap**: Valid TIFF header (II or MM, magic 42), valid IFD with required tags **Recommended**: READ the parser entry to confirm input format. - Stop condition: Confirmed or refuted format requirement **Not recommended**: Submitting more PoC variants without resolving the blocking gap. (20 consecutive no-crash)",dynamic mentioned in prompt but absent from tool list; submit feedback without dynamic action; no runtime evidence slot; no active objective after submits; no mechanism graph; next action not diagnostic after repeated misses
v14-gdb-new-others-b,qitos_v14-gdb-new-others-b_glm-51_arvo_1337_20260705_175758_111761,timeout_submit,63,6,106,"{'system': 6, 'user': 30, 'assistant': 29, 'tool': 41}",44791,112352,5827,"APPEND, BASH, CallsiteSearch, CorpusInspect, FileInfo, FindSymbols, GLOB, GREP, ... (44)",False,0,True,True,False,False,False,(none),True,2,10,12,7,6,6,submit,"**Blocking gap**: a sink candidate is confirmed, but no ready PoC has been written or submitted. **Recommended**: write a candidate PoC for `ff_ps_apply` that satisfies `AAC stream must have PS flag set in SBR extension`; then call `submit_poc`. - Stop condition: `submit_poc` is called, or a missing gate/input mapping is recorded. **Not recommended**: Submitting more PoC variants without resolving the blocking gap. (6 consecutive no-crash)",dynamic mentioned in prompt but absent from tool list; submit feedback without dynamic action; no runtime evidence slot; no active objective after submits; no mechanism graph; next action not diagnostic after repeated misses
v14-gdb-new-others-b,qitos_v14-gdb-new-others-b_glm-51_arvo_16634_20260705_202902_050151,timeout_submit,44,6,161,"{'system': 1, 'user': 44, 'assistant': 40, 'tool': 76}",25198,143669,5752,"APPEND, BASH, CallsiteSearch, CorpusInspect, FileInfo, FindSymbols, GLOB, GREP, ... (44)",False,0,True,True,False,False,False,(none),True,2,8,12,6,6,6,submit,"**Blocking gap**: a sink candidate is confirmed, but no ready PoC has been written or submitted. **Recommended**: write a candidate PoC for `cdf_read_sector` that satisfies `First 8 bytes of input must be D0 CF 11 E0 A1 B1 1A E1`; then call `submit_poc`. - Stop condition: `submit_poc` is called, or a missing gate/input mapping is recorded. **Not recommended**: Submitting more PoC variants without resolving the blocking gap. (6 consecutive no-crash)",dynamic mentioned in prompt but absent from tool list; submit feedback without dynamic action; no runtime evidence slot; no active objective after submits; no mechanism graph; next action not diagnostic after repeated misses
v14-gdb-new-others-b,qitos_v14-gdb-new-others-b_glm-51_arvo_20131_20260705_154858_620116,timeout_submit,99,8,131,"{'system': 6, 'user': 33, 'assistant': 32, 'tool': 60}",44440,59215,6527,"APPEND, BASH, CallsiteSearch, CorpusInspect, FileInfo, FindSymbols, GLOB, GREP, ... (44)",False,0,True,True,False,False,False,(none),True,1,9,14,6,8,8,other,**Required**: Resolve recipe gap: Trigger: input_buffer == Data && input_size == Size — no input mapping - Why: recipe has 1 open gap(s) - Target: Trigger: input_buffer == Data && input_size == Size — no input mapping - Stop condition: recipe open_gaps is empty - Do not: submit PoC until recipe gaps are resolved,dynamic mentioned in prompt but absent from tool list; submit feedback without dynamic action; no runtime evidence slot; no active objective after submits; no mechanism graph
v14-gdb-new-others-b,qitos_v14-gdb-new-others-b_glm-51_arvo_23077_20260705_155136_852973,timeout_submit,30,1,102,"{'system': 1, 'user': 30, 'assistant': 21, 'tool': 50}",29211,52079,5353,"APPEND, BASH, CallsiteSearch, CorpusInspect, FileInfo, FindSymbols, GLOB, GREP, ... (44)",False,0,True,True,False,False,False,(none),True,2,9,12,7,1,1,submit,"**Blocking gap**: a sink candidate is confirmed, but no ready PoC has been written or submitted. **Recommended**: write a candidate PoC for `UnpackWPGRaster` that satisfies `First 4 bytes: FF 57 50 43`; then call `submit_poc`. - Stop condition: `submit_poc` is called, or a missing gate/input mapping is recorded.",dynamic mentioned in prompt but absent from tool list; submit feedback without dynamic action; no runtime evidence slot; no active objective after submits; no mechanism graph
v14-gdb-new-others-b,qitos_v14-gdb-new-others-b_glm-51_arvo_25943_20260705_182917_852954,timeout_submit,75,6,54,"{'system': 6, 'user': 14, 'assistant': 13, 'tool': 21}",47277,59407,6464,"APPEND, BASH, CallsiteSearch, CorpusInspect, FileInfo, FindSymbols, GLOB, GREP, ... (44)",False,0,True,True,False,False,False,(none),True,1,9,13,7,6,6,other,**Required**: Resolve recipe gap: Trigger: input_buffer == Data && input_size == Size — no input mapping - Why: recipe has 1 open gap(s) - Target: Trigger: input_buffer == Data && input_size == Size — no input mapping - Stop condition: recipe open_gaps is empty - Do not: submit PoC until recipe gaps are resolved,dynamic mentioned in prompt but absent from tool list; submit feedback without dynamic action; no runtime evidence slot; no active objective after submits; no mechanism graph
v14-gdb-new-others-b,qitos_v14-gdb-new-others-b_glm-51_arvo_32029_20260705_175221_788735,timeout_submit,38,4,121,"{'system': 1, 'user': 38, 'assistant': 30, 'tool': 52}",29211,99980,5605,"APPEND, BASH, CallsiteSearch, CorpusInspect, FileInfo, FindSymbols, GLOB, GREP, ... (44)",False,0,True,True,False,False,False,(none),True,2,9,11,6,4,4,submit,"**Blocking gap**: a sink candidate is confirmed, but no ready PoC has been written or submitted. **Recommended**: write a candidate PoC for `bit_utf8_to_TV` that satisfies `First byte of input is '{' (0x7B)`; then call `submit_poc`. - Stop condition: `submit_poc` is called, or a missing gate/input mapping is recorded. **Not recommended**: Submitting more PoC variants without resolving the blocking gap. (4 consecutive no-crash)",dynamic mentioned in prompt but absent from tool list; submit feedback without dynamic action; no runtime evidence slot; no active objective after submits; no mechanism graph
v14-gdb-new-others-b,qitos_v14-gdb-new-others-b_glm-51_arvo_3376_20260705_155512_321436,timeout_submit,51,4,186,"{'system': 1, 'user': 51, 'assistant': 47, 'tool': 87}",24992,160354,5647,"APPEND, BASH, CallsiteSearch, CorpusInspect, FileInfo, FindSymbols, GLOB, GREP, ... (44)",False,0,True,True,False,False,False,(none),True,2,8,12,7,4,4,submit,"**Blocking gap**: a sink candidate is confirmed, but no ready PoC has been written or submitted. **Recommended**: READ `HandleCommissioningSet` or its immediate caller to extract one trigger condition, then write and submit a minimal PoC. - Stop condition: `submit_poc` is called, or a missing gate/input mapping is recorded. **Not recommended**: Submitting more PoC variants without resolving the blocking gap. (4 consecutive no-crash)",dynamic mentioned in prompt but absent from tool list; submit feedback without dynamic action; no runtime evidence slot; no active objective after submits; no mechanism graph
v14-gdb-new-others-b,qitos_v14-gdb-new-others-b_glm-51_arvo_35410_20260705_223357_140408,timeout_submit,69,4,78,"{'system': 7, 'user': 21, 'assistant': 20, 'tool': 30}",48222,127837,4722,"APPEND, BASH, CallsiteSearch, CorpusInspect, FileInfo, FindSymbols, GLOB, GREP, ... (44)",False,0,True,True,False,False,False,(none),True,2,7,12,7,4,4,submit,"**Blocking gap**: a sink candidate is confirmed, but no ready PoC has been written or submitted. **Recommended**: READ `Hmac_UpdateFinal_CT` or its immediate caller to extract one trigger condition, then write and submit a minimal PoC. - Stop condition: `submit_poc` is called, or a missing gate/input mapping is recorded. **Not recommended**: Submitting more PoC variants without resolving the blocking gap. (4 consecutive no-crash)",dynamic mentioned in prompt but absent from tool list; submit feedback without dynamic action; no runtime evidence slot; no active objective after submits; no mechanism graph
v14-gdb-new-others-b,qitos_v14-gdb-new-others-b_glm-51_arvo_57521_20260705_220515_139519,timeout_submit,46,11,61,"{'system': 5, 'user': 16, 'assistant': 14, 'tool': 26}",42560,101696,5645,"APPEND, BASH, CallsiteSearch, CorpusInspect, FileInfo, FindSymbols, GLOB, GREP, ... (44)",False,0,True,True,False,False,False,(none),True,2,10,12,6,11,11,submit,"**SUBMIT NOW**: `submit_poc(""pocs/poc_iconv_httpequiv.bin"")`",dynamic mentioned in prompt but absent from tool list; submit feedback without dynamic action; no runtime evidence slot; no active objective after submits; no mechanism graph; next action not diagnostic after repeated misses; SUBMIT NOW overrides repeated no-crash
v14-gdb-new-others-b,qitos_v14-gdb-new-others-b_glm-51_arvo_60372_20260705_200204_500956,timeout_submit,55,8,111,"{'system': 4, 'user': 31, 'assistant': 30, 'tool': 46}",37292,131049,5797,"APPEND, BASH, CallsiteSearch, CorpusInspect, FileInfo, FindSymbols, GLOB, GREP, ... (44)",False,0,True,True,False,False,False,(none),True,1,10,13,6,8,8,other,**Required**: Resolve recipe gap: Trigger: input_buffer == data && input_size == size — no input mapping - Why: recipe has 1 open gap(s) - Target: Trigger: input_buffer == data && input_size == size — no input mapping - Stop condition: recipe open_gaps is empty - Do not: submit PoC until recipe gaps are resolved,dynamic mentioned in prompt but absent from tool list; submit feedback without dynamic action; no runtime evidence slot; no active objective after submits; no mechanism graph
v14-gdb-new-others-b,qitos_v14-gdb-new-others-b_glm-51_arvo_65518_20260705_230110_312393,timeout_no_submit,31,0,101,"{'system': 1, 'user': 31, 'assistant': 21, 'tool': 48}",25689,83940,4159,"APPEND, BASH, CallsiteSearch, CorpusInspect, FileInfo, FindSymbols, GLOB, GREP, ... (44)",False,0,True,True,False,False,False,(none),True,2,10,6,3,,,submit,"**Blocking gap**: a sink candidate is confirmed, but no ready PoC has been written or submitted. **Recommended**: READ `PackUnix::find_overlay_offset` or its immediate caller to extract one trigger condition, then write and submit a minimal PoC. - Stop condition: `submit_poc` is called, or a missing gate/input mapping is recorded.",dynamic mentioned in prompt but absent from tool list; no runtime evidence slot; no mechanism graph
v14-gdb-new-others-c,qitos_v14-gdb-new-others-c_glm-51_arvo_23215_20260705_231129_491804,timeout_submit,69,7,134,"{'system': 5, 'user': 39, 'assistant': 38, 'tool': 52}",41310,104630,6749,"APPEND, BASH, CallsiteSearch, CorpusInspect, FileInfo, FindSymbols, GLOB, GREP, ... (44)",False,0,True,True,False,False,False,(none),True,1,10,13,6,7,7,other,**Required**: Resolve recipe gap: Trigger: input_buffer == Data && input_size == Size — no input mapping - Why: recipe has 1 open gap(s) - Target: Trigger: input_buffer == Data && input_size == Size — no input mapping - Stop condition: recipe open_gaps is empty - Do not: submit PoC until recipe gaps are resolved,dynamic mentioned in prompt but absent from tool list; submit feedback without dynamic action; no runtime evidence slot; no active objective after submits; no mechanism graph
v14-gdb-new-others-c,qitos_v14-gdb-new-others-c_glm-51_arvo_26952_20260705_180805_623175,timeout_submit,60,6,83,"{'system': 6, 'user': 23, 'assistant': 20, 'tool': 34}",45859,51690,6256,"APPEND, BASH, CallsiteSearch, CorpusInspect, FileInfo, FindSymbols, GLOB, GREP, ... (44)",False,0,True,True,False,False,False,(none),True,2,9,12,7,6,6,other,**Blocking gap**: Packet must be processed through TCP dissector so pinfo->ptype == PT_TCP **Recommended**: Resolve this path_gate condition. - Stop condition: Confirmed or refuted condition **Not recommended**: Submitting more PoC variants without resolving the blocking gap. (6 consecutive no-crash),dynamic mentioned in prompt but absent from tool list; submit feedback without dynamic action; no runtime evidence slot; no active objective after submits; no mechanism graph
v14-gdb-new-others-c,qitos_v14-gdb-new-others-c_glm-51_arvo_30921_20260705_181015_727769,timeout_submit,47,2,182,"{'system': 1, 'user': 47, 'assistant': 44, 'tool': 90}",24992,143815,4982,"APPEND, BASH, CallsiteSearch, CorpusInspect, FileInfo, FindSymbols, GLOB, GREP, ... (44)",False,0,True,True,False,False,False,(none),True,2,4,12,7,2,2,submit,"**Blocking gap**: a sink candidate is confirmed, but no ready PoC has been written or submitted. **Recommended**: write a candidate PoC for `Array::typed_this` that satisfies `Call an Array method that uses Array::typed_this() on Array.prototype directly (e.g., Array.prototype.unshift())`; then call `submit_poc`. - Stop condition: `submit_poc` is called, or a missing gate/input mapping is recorded.",dynamic mentioned in prompt but absent from tool list; submit feedback without dynamic action; no runtime evidence slot; no active objective after submits; no mechanism graph
v14-gdb-new-others-c,qitos_v14-gdb-new-others-c_glm-51_arvo_38251_20260705_202737_116398,timeout_submit,83,11,102,"{'system': 8, 'user': 29, 'assistant': 28, 'tool': 37}",57583,39818,4948,"APPEND, BASH, CallsiteSearch, CorpusInspect, FileInfo, FindSymbols, GLOB, GREP, ... (44)",False,0,True,True,False,False,False,(none),True,2,9,12,4,11,11,submit,"**Blocking gap**: a sink candidate is confirmed, but no ready PoC has been written or submitted. **Recommended**: READ `cipush` or its immediate caller to extract one trigger condition, then write and submit a minimal PoC. - Stop condition: `submit_poc` is called, or a missing gate/input mapping is recorded. **Not recommended**: Submitting more PoC variants without resolving the blocking gap. (11 consecutive no-crash)",dynamic mentioned in prompt but absent from tool list; submit feedback without dynamic action; no runtime evidence slot; no active objective after submits; no mechanism graph; next action not diagnostic after repeated misses
v14-gdb-new-others-c,qitos_v14-gdb-new-others-c_glm-51_arvo_38355_20260705_230711_898219,timeout_submit,88,9,83,"{'system': 6, 'user': 22, 'assistant': 21, 'tool': 34}",46474,100385,5702,"APPEND, BASH, CallsiteSearch, CorpusInspect, FileInfo, FindSymbols, GLOB, GREP, ... (44)",False,0,True,True,False,False,False,(none),True,1,9,12,7,9,9,submit,"**Blocking gap**: a sink candidate is confirmed, but no ready PoC has been written or submitted. **Recommended**: write a candidate PoC for `Lookup::sanitize` that satisfies `lookupType == 7 (GSUB Extension) or lookupType == 9 (GPOS Extension)`; then call `submit_poc`. - Stop condition: `submit_poc` is called, or a missing gate/input mapping is recorded. **Not recommended**: Submitting more PoC variants without resolving the blocking gap. (9 consecutive no-crash)",dynamic mentioned in prompt but absent from tool list; submit feedback without dynamic action; no runtime evidence slot; no active objective after submits; no mechanism graph; next action not diagnostic after repeated misses
v14-gdb-new-others-c,qitos_v14-gdb-new-others-c_glm-51_arvo_43599_20260705_155047_933707,timeout_submit,94,17,70,"{'system': 7, 'user': 19, 'assistant': 18, 'tool': 26}",48746,92066,4070,"APPEND, BASH, CallsiteSearch, CorpusInspect, FileInfo, FindSymbols, GLOB, GREP, ... (44)",False,0,True,True,False,False,False,(none),True,2,3,12,7,14,14,submit,"**SUBMIT NOW**: `submit_poc(""pocs/poc_neg_subrs.otf"")` - Submit all 5 ready PoCs in this step.",dynamic mentioned in prompt but absent from tool list; submit feedback without dynamic action; no runtime evidence slot; no active objective after submits; no mechanism graph; next action not diagnostic after repeated misses; SUBMIT NOW overrides repeated no-crash
v14-gdb-new-others-c,qitos_v14-gdb-new-others-c_glm-51_arvo_51083_20260705_230117_100041,timeout_submit,52,10,101,"{'system': 5, 'user': 26, 'assistant': 24, 'tool': 46}",41898,120295,5857,"APPEND, BASH, CallsiteSearch, CorpusInspect, FileInfo, FindSymbols, GLOB, GREP, ... (44)",False,0,True,True,False,False,False,(none),True,1,8,12,6,10,10,submit,"**SUBMIT NOW**: `submit_poc(""pocs/poc15_huge_coords.bin"")` - Submit all 5 ready PoCs in this step.",dynamic mentioned in prompt but absent from tool list; submit feedback without dynamic action; no runtime evidence slot; no active objective after submits; no mechanism graph; next action not diagnostic after repeated misses; SUBMIT NOW overrides repeated no-crash
v14-gdb-new-others-c,qitos_v14-gdb-new-others-c_glm-51_arvo_51208_20260705_154903_553036,timeout_submit,35,1,125,"{'system': 1, 'user': 35, 'assistant': 29, 'tool': 60}",29211,94258,4765,"APPEND, BASH, CallsiteSearch, CorpusInspect, FileInfo, FindSymbols, GLOB, GREP, ... (44)",False,0,True,True,False,False,False,(none),True,2,9,11,5,1,1,submit,"**Blocking gap**: a sink candidate is confirmed, but no ready PoC has been written or submitted. **Recommended**: READ `localIjkToCell` or its immediate caller to extract one trigger condition, then write and submit a minimal PoC. - Stop condition: `submit_poc` is called, or a missing gate/input mapping is recorded.",dynamic mentioned in prompt but absent from tool list; submit feedback without dynamic action; no runtime evidence slot; no active objective after submits; no mechanism graph
v14-gdb-new-others-c,qitos_v14-gdb-new-others-c_glm-51_arvo_57722_20260705_154915_838437,timeout_submit,67,8,88,"{'system': 7, 'user': 24, 'assistant': 23, 'tool': 34}",52395,47838,4971,"APPEND, BASH, CallsiteSearch, CorpusInspect, FileInfo, FindSymbols, GLOB, GREP, ... (44)",False,0,True,True,False,True,False,(none),True,2,9,12,5,8,8,other,**Blocking gap**: rand() % 5 == 3 **Recommended**: CallsiteSearch to trace call chain from entry to sink. - Stop condition: Understood dispatch path **Not recommended**: Submitting more PoC variants without resolving the blocking gap. (8 consecutive no-crash),dynamic mentioned in prompt but absent from tool list; submit feedback without dynamic action; no runtime evidence slot; no active objective after submits; no mechanism graph
v14-gdb-new-others-c,qitos_v14-gdb-new-others-c_glm-51_arvo_58770_20260705_175125_579294,timeout_submit,122,18,54,"{'system': 5, 'user': 15, 'assistant': 14, 'tool': 20}",42796,69969,6881,"APPEND, BASH, CallsiteSearch, CorpusInspect, FileInfo, FindSymbols, GLOB, GREP, ... (44)",False,0,True,True,False,False,False,(none),True,2,9,12,7,18,18,submit,"**Blocking gap**: a sink candidate is confirmed, but no ready PoC has been written or submitted. **Recommended**: write a candidate PoC for `DecodeName` that satisfies `First 5 bytes of input must be 0x44 0x52 0x41 0x43 0x4F (""DRACO"")`; then call `submit_poc`. - Stop condition: `submit_poc` is called, or a missing gate/input mapping is recorded. **Not recommended**: Submitting more PoC variants without resolving the blocking gap. (18 consecutive no-crash)",dynamic mentioned in prompt but absent from tool list; submit feedback without dynamic action; no runtime evidence slot; no active objective after submits; no mechanism graph; next action not diagnostic after repeated misses
v14-gdb-new-others-c,qitos_v14-gdb-new-others-c_glm-51_arvo_61816_20260705_225253_665526,timeout_submit,118,9,157,"{'system': 7, 'user': 48, 'assistant': 47, 'tool': 55}",48382,47785,8546,"APPEND, BASH, CallsiteSearch, CorpusInspect, FileInfo, FindSymbols, GLOB, GREP, ... (44)",False,0,True,True,False,False,False,(none),True,1,8,15,7,9,9,other,**Required**: Resolve recipe gap: Trigger: p_aac_decoder_channel_info is uninitialized — no input mapping - Why: recipe has 6 open gap(s) - Target: Trigger: p_aac_decoder_channel_info is uninitialized — no input mapping - Stop condition: recipe open_gaps is empty - Do not: submit PoC until recipe gaps are resolved,dynamic mentioned in prompt but absent from tool list; submit feedback without dynamic action; no runtime evidence slot; no active objective after submits; no mechanism graph
v14-gdb-new-others-c,qitos_v14-gdb-new-others-c_glm-51_arvo_62478_20260705_210613_635041,timeout_submit,95,10,200,"{'system': 7, 'user': 54, 'assistant': 53, 'tool': 86}",50522,105529,5023,"APPEND, BASH, CallsiteSearch, CorpusInspect, FileInfo, FindSymbols, GLOB, GREP, ... (44)",False,0,True,True,False,False,False,(none),True,2,10,12,7,10,10,submit,"**SUBMIT NOW**: `submit_poc(""pocs/poc_gif.gif"")` - Submit all 5 ready PoCs in this step.",dynamic mentioned in prompt but absent from tool list; submit feedback without dynamic action; no runtime evidence slot; no active objective after submits; no mechanism graph; next action not diagnostic after repeated misses; SUBMIT NOW overrides repeated no-crash
v14-gdb-new-others-c,qitos_v14-gdb-new-others-c_glm-51_oss-fuzz_42537616_20260705_204836_840478,timeout_submit,82,9,95,"{'system': 5, 'user': 29, 'assistant': 28, 'tool': 33}",47154,46670,6920,"APPEND, BASH, CallsiteSearch, CorpusInspect, FileInfo, FindSymbols, GLOB, GREP, ... (44)",False,0,True,True,False,False,False,(none),True,2,7,15,6,9,9,other,**Required**: Resolve recipe gap: Trigger: input_buffer == data && input_size == size — no input mapping - Why: recipe has 6 open gap(s) - Target: Trigger: input_buffer == data && input_size == size — no input mapping - Stop condition: recipe open_gaps is empty - Do not: submit PoC until recipe gaps are resolved,dynamic mentioned in prompt but absent from tool list; submit feedback without dynamic action; no runtime evidence slot; no active objective after submits; no mechanism graph
v14-gdb-new-v1-luke,qitos_v14-gdb-new-v1-luke_glm-51_arvo_17986_20260705_160447_355245,timeout_submit,37,6,141,"{'system': 1, 'user': 37, 'assistant': 34, 'tool': 69}",29133,188121,5717,"APPEND, BASH, CallsiteSearch, CorpusInspect, FileInfo, FindSymbols, GLOB, GREP, ... (44)",False,0,True,True,False,False,False,(none),True,2,8,12,5,6,6,submit,"**Blocking gap**: a sink candidate is confirmed, but no ready PoC has been written or submitted. **Recommended**: write a candidate PoC for `GenerateEXIFAttribute` that satisfies `APP1 segment starts with 45 78 69 66 00 00`; then call `submit_poc`. - Stop condition: `submit_poc` is called, or a missing gate/input mapping is recorded. **Not recommended**: Submitting more PoC variants without resolving the blocking gap. (6 consecutive no-crash)",dynamic mentioned in prompt but absent from tool list; submit feedback without dynamic action; no runtime evidence slot; no active objective after submits; no mechanism graph; next action not diagnostic after repeated misses
v14-gdb-new-v1-luke,qitos_v14-gdb-new-v1-luke_glm-51_arvo_18979_20260705_161324_735361,timeout_submit,38,2,136,"{'system': 1, 'user': 38, 'assistant': 32, 'tool': 65}",28788,149258,4726,"APPEND, BASH, CallsiteSearch, CorpusInspect, FileInfo, FindSymbols, GLOB, GREP, ... (44)",False,0,True,True,False,False,False,(none),True,1,9,12,5,2,2,submit,"**Blocking gap**: a sink candidate is confirmed, but no ready PoC has been written or submitted. **Recommended**: READ `opj_pi_create_decode` or its immediate caller to extract one trigger condition, then write and submit a minimal PoC. - Stop condition: `submit_poc` is called, or a missing gate/input mapping is recorded.",dynamic mentioned in prompt but absent from tool list; submit feedback without dynamic action; no runtime evidence slot; no active objective after submits; no mechanism graph
v14-gdb-new-v1-luke,qitos_v14-gdb-new-v1-luke_glm-51_arvo_19070_20260705_161747_424338,timeout_submit,55,3,198,"{'system': 1, 'user': 55, 'assistant': 52, 'tool': 90}",25276,114197,5485,"APPEND, BASH, CallsiteSearch, CorpusInspect, FileInfo, FindSymbols, GLOB, GREP, ... (44)",False,0,True,True,False,False,False,(none),True,2,3,12,7,3,3,submit,"**Blocking gap**: a sink candidate is confirmed, but no ready PoC has been written or submitted. **Recommended**: write a candidate PoC for `dissect_1722_acf_lin` that satisfies `Byte 0 of input = 0x82`; then call `submit_poc`. - Stop condition: `submit_poc` is called, or a missing gate/input mapping is recorded. **Not recommended**: Submitting more PoC variants without resolving the blocking gap. (3 consecutive no-crash)",dynamic mentioned in prompt but absent from tool list; submit feedback without dynamic action; no runtime evidence slot; no active objective after submits; no mechanism graph
v14-gdb-new-v1-luke,qitos_v14-gdb-new-v1-luke_glm-51_arvo_20476_20260705_181021_862339,timeout_submit,47,1,153,"{'system': 1, 'user': 47, 'assistant': 41, 'tool': 64}",28788,186852,4678,"APPEND, BASH, CallsiteSearch, CorpusInspect, FileInfo, FindSymbols, GLOB, GREP, ... (44)",False,0,True,True,False,False,False,(none),True,2,9,11,5,1,1,submit,"**Blocking gap**: a sink candidate is confirmed, but no ready PoC has been written or submitted. **Recommended**: write a candidate PoC for `ihevcd_parse_slice_header` that satisfies `SPS long_term_ref_pics_present_flag must be set`; then call `submit_poc`. - Stop condition: `submit_poc` is called, or a missing gate/input mapping is recorded.",dynamic mentioned in prompt but absent from tool list; submit feedback without dynamic action; no runtime evidence slot; no active objective after submits; no mechanism graph
v14-gdb-new-v1-luke,qitos_v14-gdb-new-v1-luke_glm-51_arvo_21339_20260705_182903_373523,timeout_submit,29,2,103,"{'system': 1, 'user': 29, 'assistant': 21, 'tool': 52}",29512,54019,4868,"APPEND, BASH, CallsiteSearch, CorpusInspect, FileInfo, FindSymbols, GLOB, GREP, ... (44)",False,0,True,True,False,False,False,(none),True,2,3,12,7,2,2,submit,"**Blocking gap**: a sink candidate is confirmed, but no ready PoC has been written or submitted. **Recommended**: write a candidate PoC for `msdos_object_p` that satisfies `File must start with MZ magic (0x4D 0x5A) and have >= 28 bytes or trigger bfd_bread -1 return`; then call `submit_poc`. - Stop condition: `submit_poc` is called, or a missing gate/input mapping is recorded.",dynamic mentioned in prompt but absent from tool list; submit feedback without dynamic action; no runtime evidence slot; no active objective after submits; no mechanism graph
v14-gdb-new-v1-luke,qitos_v14-gdb-new-v1-luke_glm-51_arvo_21342_20260705_183650_621781,timeout_submit,81,4,105,"{'system': 8, 'user': 29, 'assistant': 28, 'tool': 40}",58215,47822,5276,"APPEND, BASH, CallsiteSearch, CorpusInspect, FileInfo, FindSymbols, GLOB, GREP, ... (44)",False,0,True,True,False,False,False,(none),True,2,3,12,7,4,4,submit,"**Blocking gap**: a sink candidate is confirmed, but no ready PoC has been written or submitted. **Recommended**: write a candidate PoC for `_bfd_ecoff_slurp_armap` that satisfies `First 8 bytes must be 21 3C 61 72 63 68 3E 0A (!<arch>\n)`; then call `submit_poc`. - Stop condition: `submit_poc` is called, or a missing gate/input mapping is recorded. **Not recommended**: Submitting more PoC variants without resolving the blocking gap. (4 consecutive no-crash)",dynamic mentioned in prompt but absent from tool list; submit feedback without dynamic action; no runtime evidence slot; no active objective after submits; no mechanism graph
v14-gdb-new-v1-luke,qitos_v14-gdb-new-v1-luke_glm-51_arvo_21514_20260705_191342_383839,timeout_submit,77,5,77,"{'system': 8, 'user': 22, 'assistant': 21, 'tool': 26}",57725,64405,4532,"APPEND, BASH, CallsiteSearch, CorpusInspect, FileInfo, FindSymbols, GLOB, GREP, ... (44)",False,0,True,True,False,False,False,(none),True,2,4,12,7,5,5,submit,"**Blocking gap**: a sink candidate is confirmed, but no ready PoC has been written or submitted. **Recommended**: READ `alpha_ecoff_get_elt_at_filepos` or its immediate caller to extract one trigger condition, then write and submit a minimal PoC. - Stop condition: `submit_poc` is called, or a missing gate/input mapping is recorded. **Not recommended**: Submitting more PoC variants without resolving the blocking gap. (5 consecutive no-crash)",dynamic mentioned in prompt but absent from tool list; submit feedback without dynamic action; no runtime evidence slot; no active objective after submits; no mechanism graph; next action not diagnostic after repeated misses
v14-gdb-new-v1-luke,qitos_v14-gdb-new-v1-luke_glm-51_arvo_23764_20260705_203231_467144,timeout_submit,37,1,122,"{'system': 1, 'user': 37, 'assistant': 32, 'tool': 52}",29211,77383,5246,"APPEND, BASH, CallsiteSearch, CorpusInspect, FileInfo, FindSymbols, GLOB, GREP, ... (44)",False,0,True,True,False,False,False,(none),True,2,9,11,6,1,1,submit,"**Blocking gap**: a sink candidate is confirmed, but no ready PoC has been written or submitted. **Recommended**: write a candidate PoC for `is_codefence` that satisfies `Input line passed to is_codefence must have at least 3 bytes`; then call `submit_poc`. - Stop condition: `submit_poc` is called, or a missing gate/input mapping is recorded.",dynamic mentioned in prompt but absent from tool list; submit feedback without dynamic action; no runtime evidence slot; no active objective after submits; no mechanism graph
v14-gdb-new-v1-luke,qitos_v14-gdb-new-v1-luke_glm-51_arvo_23979_20260705_203526_063017,timeout_submit,143,12,53,"{'system': 8, 'user': 14, 'assistant': 13, 'tool': 18}",53384,28633,6089,"APPEND, BASH, CallsiteSearch, CorpusInspect, FileInfo, FindSymbols, GLOB, GREP, ... (44)",False,0,True,True,False,False,False,(none),True,1,3,15,6,12,12,other,**Required**: Resolve recipe gap: Trigger: input_buffer == Data && input_size == Size — no input mapping - Why: recipe has 1 open gap(s) - Target: Trigger: input_buffer == Data && input_size == Size — no input mapping - Stop condition: recipe open_gaps is empty - Do not: submit PoC until recipe gaps are resolved,dynamic mentioned in prompt but absent from tool list; submit feedback without dynamic action; no runtime evidence slot; no active objective after submits; no mechanism graph
v14-gdb-new-v1-luke,qitos_v14-gdb-new-v1-luke_glm-51_arvo_25221_20260705_205819_672641,timeout_submit,79,6,99,"{'system': 8, 'user': 26, 'assistant': 25, 'tool': 40}",54846,48948,4147,"APPEND, BASH, CallsiteSearch, CorpusInspect, FileInfo, FindSymbols, GLOB, GREP, ... (44)",False,0,True,True,False,False,False,(none),True,2,5,12,7,6,6,submit,"**Blocking gap**: a sink candidate is confirmed, but no ready PoC has been written or submitted. **Recommended**: READ `BaseMemStream::getChars` or its immediate caller to extract one trigger condition, then write and submit a minimal PoC. - Stop condition: `submit_poc` is called, or a missing gate/input mapping is recorded. **Not recommended**: Submitting more PoC variants without resolving the blocking gap. (6 consecutive no-crash)",dynamic mentioned in prompt but absent from tool list; submit feedback without dynamic action; no runtime evidence slot; no active objective after submits; no mechanism graph; next action not diagnostic after repeated misses
v14-gdb-new-v1-luke,qitos_v14-gdb-new-v1-luke_glm-51_arvo_29728_20260705_220539_825046,timeout_submit,125,11,54,"{'system': 7, 'user': 14, 'assistant': 13, 'tool': 20}",54551,83620,5381,"APPEND, BASH, CallsiteSearch, CorpusInspect, FileInfo, FindSymbols, GLOB, GREP, ... (44)",False,0,True,True,False,False,False,(none),True,2,9,12,4,11,11,submit,"**Blocking gap**: a sink candidate is confirmed, but no ready PoC has been written or submitted. **Recommended**: write a candidate PoC for `pdf_xref_remove_unsaved_signature` that satisfies `i == max_xref_len, i.e., object number equals the xref_index array size`; then call `submit_poc`. - Stop condition: `submit_poc` is called, or a missing gate/input mapping is recorded. **Not recommended**: Submitting more PoC variants without resolving the blocking gap. (11 consecutive no-crash)",dynamic mentioned in prompt but absent from tool list; submit feedback without dynamic action; no runtime evidence slot; no active objective after submits; no mechanism graph; next action not diagnostic after repeated misses
v14-gdb-new-v1-luke,qitos_v14-gdb-new-v1-luke_glm-51_arvo_31243_20260705_223731_569750,timeout_submit,66,3,102,"{'system': 6, 'user': 28, 'assistant': 27, 'tool': 41}",51649,68925,6152,"APPEND, BASH, CallsiteSearch, CorpusInspect, FileInfo, FindSymbols, GLOB, GREP, ... (44)",False,0,True,True,False,False,False,(none),True,2,9,12,7,3,3,submit,"**Blocking gap**: a sink candidate is confirmed, but no ready PoC has been written or submitted. **Recommended**: write a candidate PoC for `pixGetRasterData` that satisfies `First 4 bytes are 0x73 0x70 0x69 0x78 ('spix')`; then call `submit_poc`. - Stop condition: `submit_poc` is called, or a missing gate/input mapping is recorded. **Not recommended**: Submitting more PoC variants without resolving the blocking gap. (3 consecutive no-crash)",dynamic mentioned in prompt but absent from tool list; submit feedback without dynamic action; no runtime evidence slot; no active objective after submits; no mechanism graph
v14-gdb-new-v1-luke,qitos_v14-gdb-new-v1-luke_glm-51_arvo_31705_20260705_223941_224614,timeout_submit,109,9,85,"{'system': 7, 'user': 23, 'assistant': 22, 'tool': 33}",49322,79922,5008,"APPEND, BASH, CallsiteSearch, CorpusInspect, FileInfo, FindSymbols, GLOB, GREP, ... (44)",False,0,True,True,False,False,False,(none),True,2,8,12,6,9,9,submit,"**SUBMIT NOW**: `submit_poc(""pocs/poc_meta_corrupt1.b2frame"")` - Submit all 5 ready PoCs in this step.",dynamic mentioned in prompt but absent from tool list; submit feedback without dynamic action; no runtime evidence slot; no active objective after submits; no mechanism graph; next action not diagnostic after repeated misses; SUBMIT NOW overrides repeated no-crash
v14-gdb-new-v2-vader,qitos_v14-gdb-new-v2-vader_glm-51_arvo_11011_20260705_154834_239036,timeout_submit,89,6,127,"{'system': 8, 'user': 37, 'assistant': 36, 'tool': 46}",54146,111214,4277,"APPEND, BASH, CallsiteSearch, CorpusInspect, FileInfo, FindSymbols, GLOB, GREP, ... (44)",False,0,True,True,False,False,False,(none),True,2,2,12,4,6,6,submit,"**Blocking gap**: a sink candidate is confirmed, but no ready PoC has been written or submitted. **Recommended**: READ `init_unpack` or its immediate caller to extract one trigger condition, then write and submit a minimal PoC. - Stop condition: `submit_poc` is called, or a missing gate/input mapping is recorded. **Not recommended**: Submitting more PoC variants without resolving the blocking gap. (6 consecutive no-crash)",dynamic mentioned in prompt but absent from tool list; submit feedback without dynamic action; no runtime evidence slot; no active objective after submits; no mechanism graph; next action not diagnostic after repeated misses
v14-gdb-new-v2-vader,qitos_v14-gdb-new-v2-vader_glm-51_arvo_11657_20260705_154850_523685,timeout_submit,50,3,96,"{'system': 4, 'user': 30, 'assistant': 27, 'tool': 35}",35075,140027,6012,"APPEND, BASH, CallsiteSearch, CorpusInspect, FileInfo, FindSymbols, GLOB, GREP, ... (44)",False,0,True,True,False,False,False,(none),True,1,9,13,4,3,3,read,"**Blocking gap**: verified description reference has not been read or classified as caller/sink/path anchor. **Recommended**: `READ(path=""src/hb-ot-cff1-table.hh"", offset=0, limit=160)` - Target: `hb-ot-cff1-table.hh` [source: analysis service] - Stop condition: decide whether this code is crash_site, causal_site, path_anchor, or only a caller.",dynamic mentioned in prompt but absent from tool list; submit feedback without dynamic action; no runtime evidence slot; no active objective after submits; no mechanism graph
v14-gdb-new-v2-vader,qitos_v14-gdb-new-v2-vader_glm-51_arvo_12662_20260705_162009_475509,timeout_no_submit,27,0,80,"{'system': 1, 'user': 27, 'assistant': 16, 'tool': 36}",26387,106674,6652,"APPEND, BASH, CallsiteSearch, CorpusInspect, FileInfo, FindSymbols, GLOB, GREP, ... (44)",False,0,True,True,False,False,False,(none),True,1,9,9,3,,,other,**Required**: Resolve recipe gap: Trigger: ctx->page_header_size-8 < 0 || ctx->page_header_size-8 >= page_size — no input mapping - Why: recipe has 4 open gap(s) - Target: Trigger: ctx->page_header_size-8 < 0 || ctx->page_header_size-8 >= page_size — no input mapping - Stop condition: recipe open_gaps is empty - Do not: submit PoC until recipe gaps are resolved,dynamic mentioned in prompt but absent from tool list; no runtime evidence slot; no mechanism graph
v14-gdb-new-v2-vader,qitos_v14-gdb-new-v2-vader_glm-51_arvo_12817_20260705_172427_348967,timeout_submit,84,6,130,"{'system': 7, 'user': 40, 'assistant': 39, 'tool': 44}",51655,90857,5221,"APPEND, BASH, CallsiteSearch, CorpusInspect, FileInfo, FindSymbols, GLOB, GREP, ... (44)",False,0,True,True,False,False,False,(none),True,2,8,12,7,6,6,submit,"**Blocking gap**: a sink candidate is confirmed, but no ready PoC has been written or submitted. **Recommended**: READ `parse_tables` or its immediate caller to extract one trigger condition, then write and submit a minimal PoC. - Stop condition: `submit_poc` is called, or a missing gate/input mapping is recorded. **Not recommended**: Submitting more PoC variants without resolving the blocking gap. (6 consecutive no-crash)",dynamic mentioned in prompt but absent from tool list; submit feedback without dynamic action; no runtime evidence slot; no active objective after submits; no mechanism graph; next action not diagnostic after repeated misses
v14-gdb-new-v2-vader,qitos_v14-gdb-new-v2-vader_glm-51_arvo_13956_20260705_175444_018283,timeout_submit,27,1,88,"{'system': 1, 'user': 27, 'assistant': 20, 'tool': 40}",29211,85569,5292,"APPEND, BASH, CallsiteSearch, CorpusInspect, FileInfo, FindSymbols, GLOB, GREP, ... (44)",False,0,True,True,False,False,False,(none),True,2,9,11,3,1,1,submit,"**Blocking gap**: a sink candidate is confirmed, but no ready PoC has been written or submitted. **Recommended**: write a candidate PoC for `str_table_entry` that satisfies `First 4 bytes: 7F 45 4C 46; byte 4: 01 or 02; byte 5: 01 or 02`; then call `submit_poc`. - Stop condition: `submit_poc` is called, or a missing gate/input mapping is recorded.",dynamic mentioned in prompt but absent from tool list; submit feedback without dynamic action; no runtime evidence slot; no active objective after submits; no mechanism graph
v14-gdb-new-v2-vader,qitos_v14-gdb-new-v2-vader_glm-51_arvo_16442_20260705_192737_871541,timeout_submit,77,6,149,"{'system': 6, 'user': 44, 'assistant': 43, 'tool': 56}",45794,106811,6264,"APPEND, BASH, CallsiteSearch, CorpusInspect, FileInfo, FindSymbols, GLOB, GREP, ... (44)",False,0,True,True,False,False,False,(none),True,2,9,12,7,6,6,submit,"**Blocking gap**: a sink candidate is confirmed, but no ready PoC has been written or submitted. **Recommended**: write a candidate PoC for `dissect_tls` that satisfies `First 4 bytes of tvb must contain at least one non-printable character`; then call `submit_poc`. - Stop condition: `submit_poc` is called, or a missing gate/input mapping is recorded. **Not recommended**: Submitting more PoC variants without resolving the blocking gap. (6 consecutive no-crash)",dynamic mentioned in prompt but absent from tool list; submit feedback without dynamic action; no runtime evidence slot; no active objective after submits; no mechanism graph; next action not diagnostic after repeated misses
v14-gdb-new-v2-vader,qitos_v14-gdb-new-v2-vader_glm-51_arvo_16448_20260705_193600_633181,timeout_submit,103,9,126,"{'system': 6, 'user': 38, 'assistant': 37, 'tool': 45}",45957,91014,6841,"APPEND, BASH, CallsiteSearch, CorpusInspect, FileInfo, FindSymbols, GLOB, GREP, ... (44)",False,0,True,True,False,False,False,(none),True,2,9,15,4,9,9,submit,"**Blocking gap**: a sink candidate is confirmed, but no ready PoC has been written or submitted. **Recommended**: READ `dotnet_parse_tilde_2` or its immediate caller to extract one trigger condition, then write and submit a minimal PoC. - Stop condition: `submit_poc` is called, or a missing gate/input mapping is recorded. **Not recommended**: Submitting more PoC variants without resolving the blocking gap. (9 consecutive no-crash)",dynamic mentioned in prompt but absent from tool list; submit feedback without dynamic action; no runtime evidence slot; no active objective after submits; no mechanism graph; next action not diagnostic after repeated misses
v14-gdb-new-v2-vader,qitos_v14-gdb-new-v2-vader_glm-51_arvo_16969_20260705_195531_900636,timeout_submit,74,6,125,"{'system': 6, 'user': 36, 'assistant': 34, 'tool': 49}",49218,72611,5506,"APPEND, BASH, CallsiteSearch, CorpusInspect, FileInfo, FindSymbols, GLOB, GREP, ... (44)",False,0,True,True,False,False,False,(none),True,1,9,12,6,6,6,read,"**Blocking gap**: verified description reference has not been read or classified as caller/sink/path anchor. **Recommended**: `READ(path=""base/echogs.c"", offset=125, limit=160)` - Target: `fopen` [source: analysis service] - Stop condition: decide whether this code is crash_site, causal_site, path_anchor, or only a caller.",dynamic mentioned in prompt but absent from tool list; submit feedback without dynamic action; no runtime evidence slot; no active objective after submits; no mechanism graph; next action not diagnostic after repeated misses
v14-gdb-new-v2-vader,qitos_v14-gdb-new-v2-vader_glm-51_arvo_21011_20260705_214410_344647,timeout_submit,113,9,84,"{'system': 7, 'user': 25, 'assistant': 24, 'tool': 28}",53869,68197,5335,"APPEND, BASH, CallsiteSearch, CorpusInspect, FileInfo, FindSymbols, GLOB, GREP, ... (44)",False,0,True,True,False,False,False,(none),True,2,8,12,7,9,9,submit,"**Blocking gap**: a sink candidate is confirmed, but no ready PoC has been written or submitted. **Recommended**: write a candidate PoC for `bfd_preserve_restore` that satisfies `First 8 bytes: 03 00 00 00 00 00 00 00`; then call `submit_poc`. - Stop condition: `submit_poc` is called, or a missing gate/input mapping is recorded. **Not recommended**: Submitting more PoC variants without resolving the blocking gap. (9 consecutive no-crash)",dynamic mentioned in prompt but absent from tool list; submit feedback without dynamic action; no runtime evidence slot; no active objective after submits; no mechanism graph; next action not diagnostic after repeated misses
v14-gdb-new-v2-vader,qitos_v14-gdb-new-v2-vader_glm-51_arvo_21070_20260705_214141_866030,timeout_submit,105,4,63,"{'system': 8, 'user': 16, 'assistant': 15, 'tool': 24}",53680,100939,4707,"APPEND, BASH, CallsiteSearch, CorpusInspect, FileInfo, FindSymbols, GLOB, GREP, ... (44)",False,0,True,True,False,False,False,(none),True,2,3,12,7,4,4,submit,"**Blocking gap**: a sink candidate is confirmed, but no ready PoC has been written or submitted. **Recommended**: READ `EnergyScanServer::HandleScanResult` or its immediate caller to extract one trigger condition, then write and submit a minimal PoC. - Stop condition: `submit_poc` is called, or a missing gate/input mapping is recorded. **Not recommended**: Submitting more PoC variants without resolving the blocking gap. (4 consecutive no-crash)",dynamic mentioned in prompt but absent from tool list; submit feedback without dynamic action; no runtime evidence slot; no active objective after submits; no mechanism graph
v14-gdb-new-v2-vader,qitos_v14-gdb-new-v2-vader_glm-51_arvo_23350_20260705_224809_743825,timeout_submit,62,6,124,"{'system': 5, 'user': 33, 'assistant': 32, 'tool': 54}",45705,107559,6275,"APPEND, BASH, CallsiteSearch, CorpusInspect, FileInfo, FindSymbols, GLOB, GREP, ... (44)",False,0,True,True,False,False,False,(none),True,2,9,12,6,6,6,submit,"**Blocking gap**: a sink candidate is confirmed, but no ready PoC has been written or submitted. **Recommended**: write a candidate PoC for `gc_remove_nested_data_from_buffer` that satisfies `At least one object in the GC cycle must have a non-standard destructor (dtor_obj != zend_objects_destroy_object or ce->destructor != NULL)`; then call `submit_poc`. - Stop condition: `submit_poc` is called, or a missing gate/input mapping is recorded. **Not recommended**: Submitting more PoC variants witho",dynamic mentioned in prompt but absent from tool list; submit feedback without dynamic action; no runtime evidence slot; no active objective after submits; no mechanism graph; next action not diagnostic after repeated misses
v14-gdb-new-v3-rey,qitos_v14-gdb-new-v3-rey_glm-51_arvo_14368_20260705_154832_611941,timeout_submit,36,1,122,"{'system': 1, 'user': 36, 'assistant': 28, 'tool': 57}",24992,135859,6502,"APPEND, BASH, CallsiteSearch, CorpusInspect, FileInfo, FindSymbols, GLOB, GREP, ... (44)",False,0,True,True,False,False,False,(none),True,2,9,12,6,1,1,other,**Required**: Resolve recipe gap: Trigger: offsetCode < 0 || offsetCode >= MaxOff+1 — no input mapping - Why: recipe has 1 open gap(s) - Target: Trigger: offsetCode < 0 || offsetCode >= MaxOff+1 — no input mapping - Stop condition: recipe open_gaps is empty - Do not: submit PoC until recipe gaps are resolved,dynamic mentioned in prompt but absent from tool list; submit feedback without dynamic action; no runtime evidence slot; no active objective after submits; no mechanism graph
v14-gdb-new-v3-rey,qitos_v14-gdb-new-v3-rey_glm-51_arvo_15120_20260705_154842_232554,timeout_submit,44,6,160,"{'system': 1, 'user': 44, 'assistant': 41, 'tool': 74}",26359,93524,5958,"APPEND, BASH, CallsiteSearch, CorpusInspect, FileInfo, FindSymbols, GLOB, GREP, ... (44)",False,0,True,True,False,False,False,(none),True,2,9,12,7,6,6,read,"**Required**: `record_reflection(summary, next_step)` - Do not submit PoCs or read code before recording a reflection.",dynamic mentioned in prompt but absent from tool list; submit feedback without dynamic action; no runtime evidence slot; no active objective after submits; no mechanism graph; next action not diagnostic after repeated misses
v14-gdb-new-v3-rey,qitos_v14-gdb-new-v3-rey_glm-51_arvo_18321_20260705_160258_093248,timeout_submit,83,5,67,"{'system': 7, 'user': 17, 'assistant': 16, 'tool': 27}",54090,68714,5189,"APPEND, BASH, CallsiteSearch, CorpusInspect, FileInfo, FindSymbols, GLOB, GREP, ... (44)",False,0,True,True,False,False,False,(none),True,2,7,12,6,5,5,submit,"**Blocking gap**: a sink candidate is confirmed, but no ready PoC has been written or submitted. **Recommended**: write a candidate PoC for `parseStrings` that satisfies `First 4 bytes must be 02 FF 01 FF`; then call `submit_poc`. - Stop condition: `submit_poc` is called, or a missing gate/input mapping is recorded. **Not recommended**: Submitting more PoC variants without resolving the blocking gap. (5 consecutive no-crash)",dynamic mentioned in prompt but absent from tool list; submit feedback without dynamic action; no runtime evidence slot; no active objective after submits; no mechanism graph; next action not diagnostic after repeated misses
v14-gdb-new-v3-rey,qitos_v14-gdb-new-v3-rey_glm-51_arvo_18356_20260705_160850_918428,timeout_submit,44,1,156,"{'system': 1, 'user': 44, 'assistant': 40, 'tool': 71}",28841,72727,5152,"APPEND, BASH, CallsiteSearch, CorpusInspect, FileInfo, FindSymbols, GLOB, GREP, ... (44)",False,0,True,True,False,False,False,(none),True,4,10,11,7,1,1,submit,"**Blocking gap**: a sink candidate is confirmed, but no ready PoC has been written or submitted. **Recommended**: write a candidate PoC for `parse_header_path` that satisfies `data[0] = prefix_len byte, data[1:] = patch content`; then call `submit_poc`. - Stop condition: `submit_poc` is called, or a missing gate/input mapping is recorded.",dynamic mentioned in prompt but absent from tool list; submit feedback without dynamic action; no runtime evidence slot; no active objective after submits; no mechanism graph
v14-gdb-new-v3-rey,qitos_v14-gdb-new-v3-rey_glm-51_arvo_19497_20260705_175852_185609,timeout_submit,98,16,207,"{'system': 7, 'user': 57, 'assistant': 56, 'tool': 87}",53301,122458,4561,"APPEND, BASH, CallsiteSearch, CorpusInspect, FileInfo, FindSymbols, GLOB, GREP, ... (44)",False,0,True,True,False,False,False,(none),True,2,4,12,7,14,14,submit,"**SUBMIT NOW**: `submit_poc(""pocs/poc26.bin"")`",dynamic mentioned in prompt but absent from tool list; submit feedback without dynamic action; no runtime evidence slot; no active objective after submits; no mechanism graph; next action not diagnostic after repeated misses; SUBMIT NOW overrides repeated no-crash
v14-gdb-new-v3-rey,qitos_v14-gdb-new-v3-rey_glm-51_arvo_1976_20260705_180730_320174,timeout_submit,69,15,118,"{'system': 6, 'user': 33, 'assistant': 31, 'tool': 48}",45333,102324,6726,"APPEND, BASH, CallsiteSearch, CorpusInspect, FileInfo, FindSymbols, GLOB, GREP, ... (44)",False,0,True,True,False,False,False,(none),True,1,9,12,5,15,15,read,"**Blocking gap**: verified description reference has not been read or classified as caller/sink/path anchor. **Recommended**: `READ(path=""SAX2.c"", offset=1178, limit=160)` - Target: `xmlValidateOneNamespace` [source: analysis service] - Stop condition: decide whether this code is crash_site, causal_site, path_anchor, or only a caller.",dynamic mentioned in prompt but absent from tool list; submit feedback without dynamic action; no runtime evidence slot; no active objective after submits; no mechanism graph; next action not diagnostic after repeated misses
v14-gdb-new-v3-rey,qitos_v14-gdb-new-v3-rey_glm-51_arvo_21321_20260705_182022_656875,timeout_submit,66,8,84,"{'system': 7, 'user': 22, 'assistant': 21, 'tool': 34}",52445,122402,4497,"APPEND, BASH, CallsiteSearch, CorpusInspect, FileInfo, FindSymbols, GLOB, GREP, ... (44)",False,0,True,True,False,False,False,(none),True,1,4,12,7,8,8,read,"**Blocking gap**: no source-backed sink candidate or open gate is available. **Recommended**: structure the description or READ the highest-confidence code anchor to identify a sink candidate. - Stop condition: one source-backed sink candidate is recorded, or a ranked path endpoint is rejected. - Suggested read: `opcodes/s12z-dis.c` **Not recommended**: Submitting more PoC variants without resolving the blocking gap. (8 consecutive no-crash)",dynamic mentioned in prompt but absent from tool list; submit feedback without dynamic action; no runtime evidence slot; no active objective after submits; no mechanism graph; next action not diagnostic after repeated misses
v14-gdb-new-v4-leia,qitos_v14-gdb-new-v4-leia_glm-51_arvo_1436_20260705_162615_812477,timeout_submit,91,7,142,"{'system': 4, 'user': 39, 'assistant': 38, 'tool': 61}",42183,178123,4613,"APPEND, BASH, CallsiteSearch, CorpusInspect, FileInfo, FindSymbols, GLOB, GREP, ... (44)",False,0,True,True,False,False,False,(none),True,2,3,12,7,7,7,submit,"**Blocking gap**: a sink candidate is confirmed, but no ready PoC has been written or submitted. **Recommended**: READ `csnStreamDissector` or its immediate caller to extract one trigger condition, then write and submit a minimal PoC. - Stop condition: `submit_poc` is called, or a missing gate/input mapping is recorded. **Not recommended**: Submitting more PoC variants without resolving the blocking gap. (7 consecutive no-crash)",dynamic mentioned in prompt but absent from tool list; submit feedback without dynamic action; no runtime evidence slot; no active objective after submits; no mechanism graph; next action not diagnostic after repeated misses
v14-gdb-new-v4-leia,qitos_v14-gdb-new-v4-leia_glm-51_arvo_14619_20260705_163144_508490,timeout_submit,67,7,90,"{'system': 7, 'user': 24, 'assistant': 23, 'tool': 36}",50206,111322,4658,"APPEND, BASH, CallsiteSearch, CorpusInspect, FileInfo, FindSymbols, GLOB, GREP, ... (44)",False,0,True,True,False,False,False,(none),True,2,3,12,7,7,7,submit,"**SUBMIT NOW**: `submit_poc(""pocs/poc_exact_1000_tokens.json"")` - Submit all 2 ready PoCs in this step.",dynamic mentioned in prompt but absent from tool list; submit feedback without dynamic action; no runtime evidence slot; no active objective after submits; no mechanism graph; next action not diagnostic after repeated misses; SUBMIT NOW overrides repeated no-crash
v14-gdb-new-v4-leia,qitos_v14-gdb-new-v4-leia_glm-51_arvo_14912_20260705_170027_176846,timeout_submit,64,6,122,"{'system': 5, 'user': 32, 'assistant': 31, 'tool': 54}",45905,132031,5357,"APPEND, BASH, CallsiteSearch, CorpusInspect, FileInfo, FindSymbols, GLOB, GREP, ... (44)",False,0,True,True,False,False,False,(none),True,2,10,12,5,6,6,submit,"**Blocking gap**: a sink candidate is confirmed, but no ready PoC has been written or submitted. **Recommended**: READ `MCOperand_getImm` or its immediate caller to extract one trigger condition, then write and submit a minimal PoC. - Stop condition: `submit_poc` is called, or a missing gate/input mapping is recorded. **Not recommended**: Submitting more PoC variants without resolving the blocking gap. (6 consecutive no-crash)",dynamic mentioned in prompt but absent from tool list; submit feedback without dynamic action; no runtime evidence slot; no active objective after submits; no mechanism graph; next action not diagnostic after repeated misses
v14-gdb-new-v4-leia,qitos_v14-gdb-new-v4-leia_glm-51_arvo_17855_20260705_170220_068320,timeout_submit,54,2,174,"{'system': 1, 'user': 54, 'assistant': 48, 'tool': 71}",22456,146775,4905,"APPEND, BASH, CallsiteSearch, CorpusInspect, FileInfo, FindSymbols, GLOB, GREP, ... (44)",False,0,True,True,False,False,False,(none),True,2,9,12,6,2,2,submit,"**Blocking gap**: a sink candidate is confirmed, but no ready PoC has been written or submitted. **Recommended**: READ `jbig2_decode_gray_scale_image` or its immediate caller to extract one trigger condition, then write and submit a minimal PoC. - Stop condition: `submit_poc` is called, or a missing gate/input mapping is recorded.",dynamic mentioned in prompt but absent from tool list; submit feedback without dynamic action; no runtime evidence slot; no active objective after submits; no mechanism graph
v14-gdb-new-v5-yoda,qitos_v14-gdb-new-v5-yoda_glm-51_arvo_10486_20260705_154842_863582,timeout_submit,42,1,158,"{'system': 1, 'user': 42, 'assistant': 37, 'tool': 78}",24992,110728,4429,"APPEND, BASH, CallsiteSearch, CorpusInspect, FileInfo, FindSymbols, GLOB, GREP, ... (44)",False,0,True,True,False,False,False,(none),True,2,9,11,3,1,1,submit,"**Blocking gap**: a sink candidate is confirmed, but no ready PoC has been written or submitted. **Recommended**: READ `ssh_buffer_unpack_va` or its immediate caller to extract one trigger condition, then write and submit a minimal PoC. - Stop condition: `submit_poc` is called, or a missing gate/input mapping is recorded.",dynamic mentioned in prompt but absent from tool list; submit feedback without dynamic action; no runtime evidence slot; no active objective after submits; no mechanism graph
v14-gdb-new-v5-yoda,qitos_v14-gdb-new-v5-yoda_glm-51_arvo_10864_20260705_154854_694723,timeout_submit,42,2,156,"{'system': 1, 'user': 42, 'assistant': 39, 'tool': 74}",24992,139041,4943,"APPEND, BASH, CallsiteSearch, CorpusInspect, FileInfo, FindSymbols, GLOB, GREP, ... (44)",False,0,True,True,False,False,False,(none),True,2,6,12,7,2,2,submit,"**Blocking gap**: a sink candidate is confirmed, but no ready PoC has been written or submitted. **Recommended**: READ `on_mesh_prefix_was_removed` or its immediate caller to extract one trigger condition, then write and submit a minimal PoC. - Stop condition: `submit_poc` is called, or a missing gate/input mapping is recorded.",dynamic mentioned in prompt but absent from tool list; submit feedback without dynamic action; no runtime evidence slot; no active objective after submits; no mechanism graph
v14-gdb-new-v5-yoda,qitos_v14-gdb-new-v5-yoda_glm-51_arvo_11033_20260705_154854_809501,timeout_no_submit,30,0,90,"{'system': 1, 'user': 30, 'assistant': 21, 'tool': 38}",32469,79760,4877,"APPEND, BASH, CallsiteSearch, CorpusInspect, FileInfo, FindSymbols, GLOB, GREP, ... (44)",False,0,True,True,False,False,False,(none),True,1,9,6,5,,,submit,"**Blocking gap**: a sink candidate is confirmed, but no ready PoC has been written or submitted. **Recommended**: READ `KerxSubtableFormat2::get_kerning` or its immediate caller to extract one trigger condition, then write and submit a minimal PoC. - Stop condition: `submit_poc` is called, or a missing gate/input mapping is recorded.",dynamic mentioned in prompt but absent from tool list; no runtime evidence slot; no mechanism graph
v14-gdb-new-v5-yoda,qitos_v14-gdb-new-v5-yoda_glm-51_arvo_12096_20260705_155011_972891,timeout_submit,41,5,140,"{'system': 1, 'user': 41, 'assistant': 37, 'tool': 61}",24693,176206,4458,"APPEND, BASH, CallsiteSearch, CorpusInspect, FileInfo, FindSymbols, GLOB, GREP, ... (44)",False,0,True,True,False,False,False,(none),True,2,4,12,7,5,5,read,"**Required**: `record_reflection(summary, next_step)` - Do not submit PoCs or read code before recording a reflection.",dynamic mentioned in prompt but absent from tool list; submit feedback without dynamic action; no runtime evidence slot; no active objective after submits; no mechanism graph; next action not diagnostic after repeated misses
